{
    "frame_index": {
        "min": [
            0
        ],
        "max": [
            896
        ],
        "mean": [
            413.6630090221897
        ],
        "std": [
            243.3315955009721
        ],
        "count": [
            4101
        ],
        "q01": [
            7.517181089392187
        ],
        "q10": [
            82.2132546402515
        ],
        "q50": [
            413.58027642038525
        ],
        "q90": [
            745.1127634041279
        ],
        "q99": [
            819.8088369549872
        ]
    },
    "episode_index": {
        "min": [
            0
        ],
        "max": [
            4
        ],
        "mean": [
            1.8966105827846866
        ],
        "std": [
            1.3704445396689315
        ],
        "count": [
            4101
        ],
        "q01": [
            1.896610582784687
        ],
        "q10": [
            1.8966105827846906
        ],
        "q50": [
            1.8966105827847066
        ],
        "q90": [
            1.8966105827847228
        ],
        "q99": [
            1.8966105827847264
        ]
    },
    "index": {
        "min": [
            0
        ],
        "max": [
            4100
        ],
        "mean": [
            2050.0
        ],
        "std": [
            1183.8566917776268
        ],
        "count": [
            4101
        ],
        "q01": [
            1643.8541720672024
        ],
        "q10": [
            1718.5502456180616
        ],
        "q50": [
            2050.048607656669
        ],
        "q90": [
            2381.4497543819384
        ],
        "q99": [
            2456.145827932798
        ]
    },
    "task_index": {
        "min": [
            0
        ],
        "max": [
            0
        ],
        "mean": [
            0.0
        ],
        "std": [
            0.0
        ],
        "count": [
            4101
        ],
        "q01": [
            3.9999999999994176e-16
        ],
        "q10": [
            3.999999999999417e-15
        ],
        "q50": [
            1.9999999999997088e-14
        ],
        "q90": [
            3.5999999999994766e-14
        ],
        "q99": [
            3.959999999999424e-14
        ]
    },
    "observation.state": {
        "min": [
            -70.14986419677734,
            -160.72500610351562,
            -200.02378845214844,
            -39.85612106323242,
            -66.82760620117188,
            -80.64120483398438,
            -270.05340576171875
        ],
        "max": [
            14.80806827545166,
            0.31692078709602356,
            0.7321962714195251,
            91.52595520019531,
            36.94913864135742,
            1.9780774116516113,
            0.18578115105628967
        ],
        "mean": [
            -13.663080274172161,
            -70.3008446310881,
            -64.73942358858322,
            39.39713976854698,
            -4.528139417259338,
            -21.03670303695407,
            -75.31675838720679
        ],
        "std": [
            19.945236291000935,
            47.891699207205654,
            51.99100847714521,
            32.73383461191232,
            17.824440472465348,
            17.37101515066431,
            86.99484589612504
        ],
        "count": [
            4101
        ],
        "q01": [
            -65.21975979284139,
            -132.15672558007924,
            -155.95979656592382,
            -12.541244260464902,
            -47.72563744634668,
            -59.09376901464339,
            -217.81416632694234
        ],
        "q10": [
            -48.863346196839075,
            -123.1669382658983,
            -139.33445641219538,
            -3.2125376796553717,
            -26.842702007885876,
            -47.567812951097274,
            -194.5628827145498
        ],
        "q50": [
            -6.774492326820938,
            -87.64838022360395,
            -66.71587814229072,
            39.57330195080537,
            -2.1397345531342786,
            -17.025277442970065,
            -33.283646463449045
        ],
        "q90": [
            0.8095405809539304,
            -0.3210183657745312,
            -0.2835332691484296,
            86.00239902275369,
            13.988160960877954,
            -3.669225513621579,
            -0.00578121632111833
        ],
        "q99": [
            5.08557193205466,
            -0.18484502452443397,
            -0.02014695990996658,
            90.93361363039797,
            24.8509677116101,
            -0.47735348884988676,
            0.039987319507150544
        ]
    },
    "action": {
        "min": [
            -70.5,
            -166.5,
            -200.0,
            -40.900001525878906,
            -67.0999984741211,
            -82.4000015258789,
            -270.0
        ],
        "max": [
            16.399999618530273,
            -0.0,
            0.10000000149011612,
            90.0,
            37.400001525878906,
            2.9000000953674316,
            0.0
        ],
        "mean": [
            -13.671654098122854,
            -70.2888183305392,
            -64.72682017112645,
            39.42167073556546,
            -4.545518174502246,
            -21.048191871447727,
            -77.14366287011921
        ],
        "std": [
            20.247155970015783,
            48.16132846128866,
            52.30143912875104,
            32.86707669457636,
            18.034040428580212,
            17.43323308566401,
            90.88560259430376
        ],
        "count": [
            4101
        ],
        "q01": [
            -66.01436106397531,
            -132.90578277532862,
            -157.73772987013433,
            -13.199580027360392,
            -48.05684557528782,
            -59.65039984129808,
            -228.01102666793474
        ],
        "q10": [
            -49.60891474130574,
            -123.33288088570775,
            -139.01619184118178,
            -1.8744877500593389,
            -27.372748609950275,
            -47.484803625626725,
            -200.06620934754298
        ],
        "q50": [
            -6.555222682436505,
            -87.62022452274539,
            -66.3981376538835,
            39.58575578379609,
            -2.1476191333970998,
            -17.060499889264484,
            -25.60962551416854
        ],
        "q90": [
            0.893054260028487,
            -0.3032330089148119,
            -0.16571204317031493,
            86.56438023970338,
            14.166634084296991,
            -3.8690043964518774,
            -0.00946095069555039
        ],
        "q99": [
            5.548087470566071,
            -0.20111274916628363,
            -0.06709982008129084,
            89.99785139999058,
            25.32388763087643,
            -0.3635695804315943,
            -0.0009460949795550415
        ]
    },
    "timestamp": {
        "min": [
            0.0
        ],
        "max": [
            29.866666666666667
        ],
        "mean": [
            13.788766967406323
        ],
        "std": [
            8.111053183365735
        ],
        "count": [
            4101
        ],
        "q01": [
            0.2505727028848289
        ],
        "q10": [
            2.7404418212642607
        ],
        "q50": [
            13.791524720799822
        ],
        "q90": [
            24.837092113548383
        ],
        "q99": [
            27.32696123192782
        ]
    }
}