{
    "timestamp": {
        "min": [
            0.0
        ],
        "max": [
            22.2
        ],
        "mean": [
            10.74903905765654
        ],
        "std": [
            6.229622669254131
        ],
        "count": [
            3226
        ],
        "q01": [
            0.2010850754133416
        ],
        "q10": [
            2.13636175317468
        ],
        "q50": [
            10.741793490390503
        ],
        "q90": [
            19.361716362138402
        ],
        "q99": [
            21.296993039899736
        ]
    },
    "frame_index": {
        "min": [
            0
        ],
        "max": [
            666
        ],
        "mean": [
            322.4711717296962
        ],
        "std": [
            186.88868007762406
        ],
        "count": [
            3226
        ],
        "q01": [
            6.032552265245952
        ],
        "q10": [
            64.09085259756401
        ],
        "q50": [
            322.1987244885306
        ],
        "q90": [
            580.8514908618284
        ],
        "q99": [
            638.9097911941465
        ]
    },
    "action": {
        "min": [
            -71.80000305175781,
            -158.3000030517578,
            -200.0,
            -22.799999237060547,
            -67.30000305175781,
            -90.0,
            -270.0
        ],
        "max": [
            16.200000762939453,
            -0.10000000149011612,
            0.10000000149011612,
            90.0,
            32.70000076293945,
            2.5,
            0.0
        ],
        "mean": [
            -10.34256244060495,
            -74.95564394653472,
            -69.60557812869881,
            45.157417841306476,
            -2.269745824023647,
            -33.97681909751538,
            -62.28729758052743
        ],
        "std": [
            24.757542548978055,
            44.925936382391285,
            51.75395861652617,
            32.10835380533225,
            21.36433828641538,
            21.851571063802073,
            86.90925912941566
        ],
        "count": [
            3226
        ],
        "q01": [
            -64.04482454877108,
            -130.04105111462167,
            -140.93849311803226,
            -11.352473086689118,
            -52.31208933283129,
            -70.86298908476469,
            -253.18040488540512
        ],
        "q10": [
            -55.24742751563758,
            -119.2380115443048,
            -133.08122695299832,
            -1.6306851340856563,
            -35.41139391630273,
            -64.05752787181986,
            -217.37290619597903
        ],
        "q50": [
            -2.3254862911138994,
            -88.7348931572731,
            -71.67829803617215,
            49.53565949985173,
            1.9557335574660883,
            -32.87693001628897,
            -0.044395140941150144
        ],
        "q90": [
            11.981512244074393,
            -0.5132386027302853,
            -0.1478554802192996,
            78.74405176251337,
            17.700599629641314,
            -1.8656197102382266,
            -0.008879028108230018
        ],
        "q99": [
            13.41478022555363,
            -0.28359229364249416,
            0.01642543058536284,
            82.72458571959058,
            27.342071455986304,
            0.6905845886290944,
            -0.0008879027208230001
        ]
    },
    "observation.state": {
        "min": [
            -71.46126556396484,
            -155.32630920410156,
            -200.02378845214844,
            -11.90108585357666,
            -67.2865982055664,
            -90.01779174804688,
            -270.05340576171875
        ],
        "max": [
            15.638619422912598,
            0.12021133303642273,
            0.09835472702980042,
            91.11062622070312,
            32.1624870300293,
            2.3714964389801025,
            0.44806042313575745
        ],
        "mean": [
            -10.313480720413596,
            -74.95681535658153,
            -69.61747409539124,
            45.05149222159341,
            -2.2599831530749244,
            -33.995764627119655,
            -56.31195952976555
        ],
        "std": [
            24.437015714729988,
            44.51962455449352,
            51.295813567166725,
            31.976523565617068,
            21.085780267812172,
            21.712235451309642,
            78.63997928302018
        ],
        "count": [
            3226
        ],
        "q01": [
            -63.52273618442226,
            -128.96994867354087,
            -140.24862960244482,
            -8.693248567058841,
            -51.70408033079541,
            -70.56349508386027,
            -245.5098309261993
        ],
        "q10": [
            -54.49677085788522,
            -118.76585060523357,
            -132.62819885349944,
            -2.5955245348275677,
            -34.81768758293276,
            -64.02379749000188,
            -178.3732574792622
        ],
        "q50": [
            -2.2320622866765922,
            -88.61629014435572,
            -71.62573361943357,
            49.38535392932037,
            1.7230093093649144,
            -32.9355221662208,
            -0.5453691880036289
        ],
        "q90": [
            11.764837061959483,
            -0.7091734522724142,
            -0.27600626779813225,
            78.41639114761782,
            17.30836217664058,
            -2.4723729248371002,
            -0.0078337565223168
        ],
        "q99": [
            12.988090428994566,
            -0.2634637863295433,
            -0.003637849319001239,
            83.10360127686772,
            26.667833148061924,
            0.29332046221124364,
            0.0784092071058468
        ]
    },
    "task_index": {
        "min": [
            0
        ],
        "max": [
            0
        ],
        "mean": [
            0.0
        ],
        "std": [
            0.0
        ],
        "count": [
            3226
        ],
        "q01": [
            3.999999999999418e-16
        ],
        "q10": [
            3.999999999999417e-15
        ],
        "q50": [
            1.9999999999997088e-14
        ],
        "q90": [
            3.5999999999994754e-14
        ],
        "q99": [
            3.959999999999424e-14
        ]
    },
    "episode_index": {
        "min": [
            0
        ],
        "max": [
            4
        ],
        "mean": [
            1.9680719156850588
        ],
        "std": [
            1.4080311016354836
        ],
        "count": [
            3226
        ],
        "q01": [
            1.9680719156850592
        ],
        "q10": [
            1.9680719156850628
        ],
        "q50": [
            1.968071915685079
        ],
        "q90": [
            1.968071915685095
        ],
        "q99": [
            1.9680719156850983
        ]
    },
    "index": {
        "min": [
            0
        ],
        "max": [
            3225
        ],
        "mean": [
            1612.5
        ],
        "std": [
            931.2659394609042
        ],
        "count": [
            3226
        ],
        "q01": [
            1296.0613805355497
        ],
        "q10": [
            1354.1196808678676
        ],
        "q50": [
            1612.282632982021
        ],
        "q90": [
            1870.8803191321324
        ],
        "q99": [
            1928.9386194644503
        ]
    }
}