{
    "frame_index": {
        "min": [
            0
        ],
        "max": [
            896
        ],
        "mean": [
            421.0040357451715
        ],
        "std": [
            254.80874414372312
        ],
        "count": [
            3469
        ],
        "q01": [
            7.683366402899782
        ],
        "q10": [
            83.69384990479158
        ],
        "q50": [
            420.83718402997977
        ],
        "q90": [
            758.3142215855514
        ],
        "q99": [
            834.3245418473165
        ]
    },
    "observation.state": {
        "min": [
            -55.986568450927734,
            -126.05988311767578,
            -145.2721710205078,
            -24.752988815307617,
            -27.900394439697266,
            -90.06150817871094,
            -270.05340576171875
        ],
        "max": [
            7.07072114944458,
            -0.29506418108940125,
            0.8851925134658813,
            90.17079162597656,
            27.769254684448242,
            -0.44806042313575745,
            -0.010928303003311157
        ],
        "mean": [
            -14.265143758043084,
            -60.0954827694633,
            -51.30052852189895,
            26.25515244202299,
            -5.984976193735804,
            -53.128292594529185,
            -91.47236493857388
        ],
        "std": [
            17.452860965670876,
            44.86087685651796,
            42.813038391075764,
            28.591078422880013,
            9.51453975509152,
            35.34277216606582,
            95.09223627036427
        ],
        "count": [
            3469
        ],
        "q01": [
            -53.596408669056075,
            -109.06812255922077,
            -108.65637490714774,
            -18.841513325296155,
            -19.65537937148306,
            -88.46922353273676,
            -264.9156705319883
        ],
        "q10": [
            -48.14546301423704,
            -105.77811953979138,
            -103.30065447169181,
            -5.2418787950679775,
            -15.71668574483173,
            -88.44739030567582,
            -243.65710778256462
        ],
        "q50": [
            -7.430572879893308,
            -73.32221996401145,
            -58.6390359426033,
            30.31214376388479,
            -6.714288963685382,
            -67.47391692944508,
            -56.42272966217773
        ],
        "q90": [
            0.5632321829795471,
            -1.610505968663076,
            -0.20049520503252014,
            58.70442428144905,
            4.1887678788978135,
            -8.33610309656368,
            -0.02571099694129106
        ],
        "q99": [
            1.598160966922338,
            -0.4227309818992931,
            0.017487841387745916,
            61.96798448001438,
            11.780691549466317,
            -5.294706539782997,
            -0.012406572308820772
        ]
    },
    "action": {
        "min": [
            -57.0,
            -126.80000305175781,
            -146.1999969482422,
            -24.700000762939453,
            -29.299999237060547,
            -90.0,
            -270.0
        ],
        "max": [
            7.300000190734863,
            -0.30000001192092896,
            0.30000001192092896,
            90.0,
            28.100000381469727,
            -0.30000001192092896,
            0.0
        ],
        "mean": [
            -14.25602779425541,
            -60.08054242239936,
            -51.28926501191807,
            26.30593928925824,
            -6.0051876419076455,
            -53.14605387750638,
            -60.03390103975474
        ],
        "std": [
            17.597548938979834,
            45.01394677107785,
            43.018622438838264,
            28.61059925937036,
            9.561373958274675,
            35.37516879853325,
            102.84652308583335
        ],
        "count": [
            3469
        ],
        "q01": [
            -54.51294193984016,
            -109.61918238652453,
            -109.65265875264012,
            -19.427944862788767,
            -19.930777035260622,
            -88.43228595965773,
            -264.8630729317787
        ],
        "q10": [
            -48.0292105803699,
            -105.88926370179544,
            -103.62575292120059,
            -3.4792518910965766,
            -15.780084820877986,
            -88.43038393555278,
            -250.9363814789001
        ],
        "q50": [
            -7.472042645339802,
            -73.52512245349425,
            -58.8226013147725,
            30.87641117062362,
            -6.696303330443521,
            -67.34712992363681,
            -0.03833233406923492
        ],
        "q90": [
            0.6465469698627473,
            -1.0041052873640546,
            -0.08287518713830663,
            58.8359412094887,
            3.583682181109268,
            -8.771159094315431,
            -0.00766646673536842
        ],
        "q99": [
            1.795924072920097,
            -0.36591130236261454,
            0.02317166931842096,
            62.07431450470331,
            11.816700822413331,
            -5.051693901632311,
            -0.0007666465852484676
        ]
    },
    "episode_index": {
        "min": [
            0
        ],
        "max": [
            4
        ],
        "mean": [
            1.5730758143557222
        ],
        "std": [
            1.1798155042703489
        ],
        "count": [
            3469
        ],
        "q01": [
            1.5730758143557226
        ],
        "q10": [
            1.573075814355726
        ],
        "q50": [
            1.5730758143557417
        ],
        "q90": [
            1.573075814355758
        ],
        "q99": [
            1.5730758143557617
        ]
    },
    "timestamp": {
        "min": [
            0.0
        ],
        "max": [
            29.866666666666667
        ],
        "mean": [
            14.033467858172383
        ],
        "std": [
            8.49362480479077
        ],
        "count": [
            3469
        ],
        "q01": [
            0.2561122133350647
        ],
        "q10": [
            2.7897949967489124
        ],
        "q50": [
            14.032532931680558
        ],
        "q90": [
            25.277140719595852
        ],
        "q99": [
            27.81081806167214
        ]
    },
    "index": {
        "min": [
            0
        ],
        "max": [
            3468
        ],
        "mean": [
            1734.0
        ],
        "std": [
            1001.4140003015737
        ],
        "count": [
            3469
        ],
        "q01": [
            1320.679330657728
        ],
        "q10": [
            1396.68981415962
        ],
        "q50": [
            1733.925615393485
        ],
        "q90": [
            2071.3101858403797
        ],
        "q99": [
            2147.3205061021445
        ]
    },
    "task_index": {
        "min": [
            0
        ],
        "max": [
            0
        ],
        "mean": [
            0.0
        ],
        "std": [
            0.0
        ],
        "count": [
            3469
        ],
        "q01": [
            3.9999999999994176e-16
        ],
        "q10": [
            3.999999999999417e-15
        ],
        "q50": [
            1.999999999999709e-14
        ],
        "q90": [
            3.599999999999476e-14
        ],
        "q99": [
            3.959999999999424e-14
        ]
    }
}